{"cameraMode":{"drawMode":0,"name":"Shaded","section":"Shading Mode"},"sceneLighting":false,"audioPlay":false,"sceneViewState":{"showFog":true,"showMaterialUpdate":false,"showSkybox":false,"showFlares":true,"showImageEffects":true,"showParticleSystems":true,"showVisualEffectGraphs":true,"m_FxEnabled":true},"in2DMode":false,"pivot":{"x":-3.024097442626953,"y":0.23168647289276124,"z":-18.785655975341798},"rotation":{"x":-0.018320513889193536,"y":0.9985910058021545,"z":-0.021365338936448098,"w":-0.06630732119083405},"size":10.876067161560059,"orthographic":false}