{"cameraMode":{"drawMode":0,"name":"Shaded","section":"Shading Mode"},"sceneLighting":false,"audioPlay":false,"sceneViewState":{"showFog":true,"showMaterialUpdate":false,"showSkybox":false,"showFlares":true,"showImageEffects":true,"showParticleSystems":true,"showVisualEffectGraphs":true,"m_FxEnabled":true},"in2DMode":false,"pivot":{"x":-2.715017318725586,"y":-0.0053617446683347229,"z":0.7048730850219727},"rotation":{"x":-0.06151049956679344,"y":0.6521255970001221,"z":-0.052580416202545169,"w":-0.7539054751396179},"size":2.55964732170105,"orthographic":false}