{"cameraMode":{"drawMode":0,"name":"Shaded","section":"Shading Mode"},"sceneLighting":true,"audioPlay":false,"sceneViewState":{"showFog":true,"showMaterialUpdate":false,"showSkybox":false,"showFlares":true,"showImageEffects":true,"showParticleSystems":true,"showVisualEffectGraphs":true,"m_FxEnabled":true},"in2DMode":false,"pivot":{"x":-2.643831253051758,"y":1.9835132360458375,"z":0.05785137414932251},"rotation":{"x":0.07569000869989395,"y":-0.7034984827041626,"z":0.07511074841022492,"w":0.7030268907546997},"size":1.1165063381195069,"orthographic":false}