{"cameraMode":{"drawMode":0,"name":"Shaded","section":"Shading Mode"},"sceneLighting":true,"audioPlay":false,"sceneViewState":{"showFog":true,"showMaterialUpdate":false,"showSkybox":false,"showFlares":true,"showImageEffects":true,"showParticleSystems":true,"showVisualEffectGraphs":true,"m_FxEnabled":true},"in2DMode":false,"pivot":{"x":404.90399169921877,"y":-1.9148001670837403,"z":450.7560729980469},"rotation":{"x":-0.15484285354614259,"y":-0.16894222795963288,"z":0.026979384943842889,"w":-0.9731557965278626},"size":12.347945213317871,"orthographic":false}