{"cameraMode":{"drawMode":0,"name":"Shaded","section":"Shading Mode"},"sceneLighting":true,"audioPlay":false,"sceneViewState":{"showFog":true,"showMaterialUpdate":false,"showSkybox":false,"showFlares":true,"showImageEffects":true,"showParticleSystems":true,"showVisualEffectGraphs":true,"m_FxEnabled":true},"in2DMode":false,"pivot":{"x":404.6827087402344,"y":1.2072644233703614,"z":460.0478210449219},"rotation":{"x":-0.09318458288908005,"y":-0.00537468446418643,"z":0.0005867786821909249,"w":-0.9957759976387024},"size":12.347945213317871,"orthographic":false}