{"cameraMode":{"drawMode":0,"name":"Shaded","section":"Shading Mode"},"sceneLighting":true,"audioPlay":false,"sceneViewState":{"showFog":true,"showMaterialUpdate":false,"showSkybox":false,"showFlares":true,"showImageEffects":true,"showParticleSystems":true,"showVisualEffectGraphs":true,"m_FxEnabled":true},"in2DMode":false,"pivot":{"x":-23.779003143310548,"y":3.6864781379699709,"z":163.8037567138672},"rotation":{"x":0.0011149127967655659,"y":0.9951592087745667,"z":-0.012259116396307946,"w":0.09883526712656021},"size":12.12435531616211,"orthographic":false}