{"cameraMode":{"drawMode":0,"name":"Shaded","section":"Shading Mode"},"sceneLighting":false,"audioPlay":false,"sceneViewState":{"showFog":true,"showMaterialUpdate":false,"showSkybox":false,"showFlares":true,"showImageEffects":true,"showParticleSystems":true,"showVisualEffectGraphs":true,"m_FxEnabled":true},"in2DMode":false,"pivot":{"x":0.263302743434906,"y":0.6663296818733215,"z":2.6877493858337404},"rotation":{"x":-0.00012245189282111824,"y":0.9995603561401367,"z":-0.02999582514166832,"w":-0.005068404600024223},"size":1.7320507764816285,"orthographic":false}