{"cameraMode":{"drawMode":0,"name":"Shaded","section":"Shading Mode"},"sceneLighting":false,"audioPlay":false,"sceneViewState":{"showFog":true,"showMaterialUpdate":false,"showSkybox":false,"showFlares":true,"showImageEffects":true,"showParticleSystems":true,"showVisualEffectGraphs":true,"m_FxEnabled":true},"in2DMode":false,"pivot":{"x":-0.11054668575525284,"y":0.6452224850654602,"z":-1.413050651550293},"rotation":{"x":-0.01795515976846218,"y":0.9968929290771484,"z":-0.08971884101629257,"w":-0.014144090004265309},"size":1.6734883785247803,"orthographic":false}