{"cameraMode":{"drawMode":0,"name":"Shaded","section":"Shading Mode"},"sceneLighting":true,"audioPlay":false,"sceneViewState":{"showFog":true,"showMaterialUpdate":false,"showSkybox":true,"showFlares":true,"showImageEffects":true,"showParticleSystems":true,"showVisualEffectGraphs":true,"m_FxEnabled":true},"in2DMode":false,"pivot":{"x":429.9132080078125,"y":25.620758056640626,"z":348.3238830566406},"rotation":{"x":0.07343830913305283,"y":-0.02097068913280964,"z":0.0009855966782197357,"w":0.9971982836723328},"size":11.842719078063965,"orthographic":false}