{"cameraMode":{"drawMode":0,"name":"Shaded","section":"Shading Mode"},"sceneLighting":true,"audioPlay":false,"sceneViewState":{"showFog":true,"showMaterialUpdate":false,"showSkybox":false,"showFlares":true,"showImageEffects":true,"showParticleSystems":true,"showVisualEffectGraphs":true,"m_FxEnabled":true},"in2DMode":false,"pivot":{"x":-2.6854162216186525,"y":-2.9097061157226564,"z":1.1215587854385377},"rotation":{"x":0.022817693650722505,"y":-0.020693417638540269,"z":-0.00007405218639178202,"w":0.9997920989990234},"size":6.077279567718506,"orthographic":true}