{"cameraMode":{"drawMode":0,"name":"Shaded","section":"Shading Mode"},"sceneLighting":false,"audioPlay":false,"sceneViewState":{"showFog":true,"showMaterialUpdate":false,"showSkybox":false,"showFlares":true,"showImageEffects":true,"showParticleSystems":true,"showVisualEffectGraphs":true,"m_FxEnabled":false},"in2DMode":false,"pivot":{"x":20.904708862304689,"y":239.34854125976563,"z":483.849365234375},"rotation":{"x":0.024436602368950845,"y":0.7261468768119812,"z":0.022325295954942704,"w":-0.6877313256263733},"size":109.55513000488281,"orthographic":false}