{"cameraMode":{"drawMode":0,"name":"Shaded","section":"Shading Mode"},"sceneLighting":false,"audioPlay":false,"sceneViewState":{"showFog":true,"showMaterialUpdate":false,"showSkybox":false,"showFlares":true,"showImageEffects":true,"showParticleSystems":true,"showVisualEffectGraphs":true,"m_FxEnabled":true},"in2DMode":false,"pivot":{"x":0.15638384222984315,"y":0.12344596534967423,"z":0.0012431144714355469},"rotation":{"x":-0.00630913395434618,"y":-0.0008789114654064179,"z":0.000012475858056859579,"w":-1.0001561641693116},"size":1.7320507764816285,"orthographic":false}