{"cameraMode":{"drawMode":0,"name":"Shaded","section":"Shading Mode"},"sceneLighting":false,"audioPlay":false,"sceneViewState":{"showFog":true,"showMaterialUpdate":false,"showSkybox":false,"showFlares":true,"showImageEffects":true,"showParticleSystems":true,"showVisualEffectGraphs":true,"m_FxEnabled":true},"in2DMode":false,"pivot":{"x":1.1775320768356324,"y":0.755696713924408,"z":-0.3040165901184082},"rotation":{"x":0.004139792639762163,"y":-0.16070634126663209,"z":-0.0006638396298512816,"w":-0.9871731400489807},"size":2.499037981033325,"orthographic":false}