{"cameraMode":{"drawMode":0,"name":"Shaded","section":"Shading Mode"},"sceneLighting":false,"audioPlay":false,"sceneViewState":{"showFog":true,"showMaterialUpdate":false,"showSkybox":false,"showFlares":true,"showImageEffects":true,"showParticleSystems":true,"showVisualEffectGraphs":true,"m_FxEnabled":true},"in2DMode":false,"pivot":{"x":114.78982543945313,"y":0.09439611434936524,"z":-371.6756896972656},"rotation":{"x":0.024207528680562974,"y":-0.03190101310610771,"z":-0.005456578452140093,"w":1.00016188621521},"size":7.910904884338379,"orthographic":false}