{"cameraMode":{"drawMode":0,"name":"Shaded","section":"Shading Mode"},"sceneLighting":false,"audioPlay":false,"sceneViewState":{"showFog":true,"showMaterialUpdate":false,"showSkybox":false,"showFlares":true,"showImageEffects":true,"showParticleSystems":true,"showVisualEffectGraphs":true,"m_FxEnabled":true},"in2DMode":false,"pivot":{"x":-4.609363079071045,"y":10.564987182617188,"z":33.68425750732422},"rotation":{"x":-0.039016544818878177,"y":-0.0022196322679519655,"z":0.0037238362710922958,"w":-1.0001195669174195},"size":21.659744262695314,"orthographic":false}