{"cameraMode":{"drawMode":0,"name":"Shaded","section":"Shading Mode"},"sceneLighting":true,"audioPlay":false,"sceneViewState":{"showFog":true,"showMaterialUpdate":false,"showSkybox":false,"showFlares":true,"showImageEffects":true,"showParticleSystems":true,"showVisualEffectGraphs":true,"m_FxEnabled":true},"in2DMode":false,"pivot":{"x":509.8783874511719,"y":5.74141263961792,"z":542.857177734375},"rotation":{"x":-0.000042205127101624385,"y":0.7020300030708313,"z":-0.00004269297278369777,"w":0.7122333645820618},"size":1.844099521636963,"orthographic":false}